title,company,link
"Financial Analyst Intern, AMZL Finance team",Amazon,https://in.linkedin.com/jobs/view/financial-analyst-intern-amzl-finance-team-at-amazon-4366145718?position=1&pageNum=0&refId=TyUvVV77faCM4twVCw86rg%3D%3D&trackingId=6MktewsQMk8PVYLIWymWPg%3D%3D
Equity Research Analyst,Zetheta Algorithms Private Limited,https://in.linkedin.com/jobs/view/equity-research-analyst-at-zetheta-algorithms-private-limited-4389514310?position=3&pageNum=0&refId=TyUvVV77faCM4twVCw86rg%3D%3D&trackingId=uz1rXgD5xXFWu4vfmeZRQQ%3D%3D
Financial Analyst Intern | Excel • Financial Modeling • Reporting | Remote,ArGo Intern,https://in.linkedin.com/jobs/view/financial-analyst-intern-excel-%E2%80%A2-financial-modeling-%E2%80%A2-reporting-remote-at-argo-intern-4388910417?position=4&pageNum=0&refId=TyUvVV77faCM4twVCw86rg%3D%3D&trackingId=VAzlViKKzXI80xwQtfjy1A%3D%3D
Financial Analyst Intern,Infrabyte Consulting,https://in.linkedin.com/jobs/view/financial-analyst-intern-at-infrabyte-consulting-4389436932?position=6&pageNum=0&refId=TyUvVV77faCM4twVCw86rg%3D%3D&trackingId=9tXIeILUEMm66SN7GKkkNg%3D%3D
Financial Analyst Intern,Dexter's Tech,https://in.linkedin.com/jobs/view/financial-analyst-intern-at-dexter-s-tech-4389812682?position=7&pageNum=0&refId=TyUvVV77faCM4twVCw86rg%3D%3D&trackingId=%2F8h8ZsKzT247wtpz%2FQiGWA%3D%3D
"Financial Analyst Intern, ARIPL Finance",Amazon,https://in.linkedin.com/jobs/view/financial-analyst-intern-aripl-finance-at-amazon-4386393776?position=8&pageNum=0&refId=TyUvVV77faCM4twVCw86rg%3D%3D&trackingId=w7o2wWX%2BOWiUClFUDihWTA%3D%3D
Financial Analyst Intern,Dexter's Tech,https://in.linkedin.com/jobs/view/financial-analyst-intern-at-dexter-s-tech-4389823372?position=10&pageNum=0&refId=TyUvVV77faCM4twVCw86rg%3D%3D&trackingId=qujPkiH0Pm5Z1B3iABAx0g%3D%3D
Financial Analyst-Intern,Planify Capital Limited,https://in.linkedin.com/jobs/view/financial-analyst-intern-at-planify-capital-limited-4383538570?position=11&pageNum=0&refId=TyUvVV77faCM4twVCw86rg%3D%3D&trackingId=WzBAg9wqIo747fpG9U3xrA%3D%3D
Financial Analyst Intern | Excel • Financial Modeling • Reporting | Remote,Wake Up Whistle,https://in.linkedin.com/jobs/view/financial-analyst-intern-excel-%E2%80%A2-financial-modeling-%E2%80%A2-reporting-remote-at-wake-up-whistle-4389809189?position=12&pageNum=0&refId=TyUvVV77faCM4twVCw86rg%3D%3D&trackingId=68kDItNMEsuZ2m%2FYrqFbfg%3D%3D
Financial Analyst,Zetheta Algorithms Private Limited,https://in.linkedin.com/jobs/view/financial-analyst-at-zetheta-algorithms-private-limited-4389518158?position=13&pageNum=0&refId=TyUvVV77faCM4twVCw86rg%3D%3D&trackingId=js021Ov4ScF5f%2F8B8vOntA%3D%3D
Financial Analyst Intern,Webs X UM,https://in.linkedin.com/jobs/view/financial-analyst-intern-at-webs-x-um-4389789016?position=14&pageNum=0&refId=TyUvVV77faCM4twVCw86rg%3D%3D&trackingId=hGe0rUi96C39uPC375fGBw%3D%3D
"Financial Analyst Intern, AMZL Finance team",ACCA Careers,https://in.linkedin.com/jobs/view/financial-analyst-intern-amzl-finance-team-at-acca-careers-4387829046?position=16&pageNum=0&refId=TyUvVV77faCM4twVCw86rg%3D%3D&trackingId=tMJCOojCKiWdCEIjlkqW%2FA%3D%3D
